1,Time,The way in which mugging was done and property looted,Latitude,Longitute,,,,,,,,,,,
2,12:00-15:00,Snatching by walk & escaping with bike,13.01561604,77.678186,,,,,,,,,,,
3,15:00-18:00,Snatching while on the move (Accused on bike) from back,12.96431496,77.64460989,,,,,,,,,,,
4,06:00-09:00,Snatching while on the move (Accused on bike) from back,13.0282613035,77.6267410472,,,,,,,,,,,
5,12:00-15:00,Snatching by walk & escaping with bike,13.0249031393,77.6583978328,,,,,,,,,,,
6,21:00-00:00,Snatching while on the move (Accused on bike) from back,13.000091696,77.6773229784,,,,,,,,,,,
7,18:00-21:00,Snatching while on the move (Accused on bike) from back,12.9923153999,77.6689137,,,,,,,,,,,
8,06:00-09:00,Snatching while on the move (Accused on bike) from back,13.01580594,77.63797832,,,,,,,,,,,
9,06:00-09:00,Snatching while on the move (Accused on bike) from back,13.00549701,77.65203221,,,,,,,,,,,
10,12:00-15:00,Snatching while on the move (Accused on bike) from back,13.0227888,77.70735644,,,,,,,,,,,
11,12:00-15:00,Snatching by walk & escaping with bike,12.9894777894,77.6897704807,,,,,,,,,,,
12,12:00-15:00,Snatching while on the move (Accused on bike) from front,13.00045617,77.66097123,,,,,,,,,,,
13,15:00-18:00,Snatching while on the move (Accused on bike) from back,13.0074564899,77.7150428866,,,,,,,,,,,
14,15:00-18:00,Snatching while on the move (Accused on bike) from back,13.0195264,77.70783568,,,,,,,,,,,
15,15:00-18:00,Attention diversion by indulging in small talk,13.02024385,77.6445026,,,,,,,,,,,
16,18:00-21:00,Snatching while on the move (Accused on bike) from back,13.0296771112,77.6510998678,,,,,,,,,,,
17,06:00-09:00,Attention diversion by indulging in small talk,13.01555832,77.65988008,,,,,,,,,,,
18,09:00-12:00,Snatching while on the move (Accused on bike) from back,13.0018136661,77.6176168621,,,,,,,,,,,
19,09:00-12:00,Snatching with assault,13.014642,77.65252464,,,,,,,,,,,
20,06:00-09:00,Snatching while on the move (Accused on bike) from back,12.99399,77.656767,,,,,,,,,,,
21,12:00-15:00,By other techniques ,12.98702,77.645349,,,,,,,,,,,
22,03:00-06:00,Accused came in 3 or 4 wheeler,12.97079744,77.64299944,,,,,,,,,,,
23,06:00-09:00,Snatching while on the move (Accused on bike) from back,13.00926701,77.69464414,,,,,,,,,,,
24,09:00-12:00,Attention diversion by indulging in small talk,13.01912912,77.68492,,,,,,,,,,,
25,18:00-21:00,Attention diversion by indulging in small talk,13.02826709,77.66663042,,,,,,,,,,,
26,06:00-09:00,Snatching by walk & escaping with bike,12.9957249516,77.6272003261,,,,,,,,,,,
27,06:00-09:00,Snatching by walk & escaping with bike,13.01371876,77.64074212,,,,,,,,,,,
28,09:00-12:00,Snatching while on the move (Accused on bike) from front,13.01117604,77.67539695,,,,,,,,,,,
29,12:00-15:00,Snatching while on the move (Accused on bike) from back,13.01845307,77.67455502,,,,,,,,,,,
30,18:00-21:00,Attention diversion by indulging in small talk,12.971673,77.6450812,,,,,,,,,,,
31,18:00-21:00,Accused came in 3 or 4 wheeler,12.974806,77.636854,77.65765027,13.10.2014,Female,65,2 wheeler,Bajaj Pulsar,black ,No,No,Yes,Undetected
32,00:00-03:00,Attention diversion by indulging in small talk,13.01674415,77.6812619,,,,,,,,,,,
33,12:00-15:00,Snatching while on the move (Accused on bike) from back,13.0175755708,77.6309222893,,,,,,,,,,,
34,12:00-15:00,Snatching while on the move (Accused on bike) from back,13.01518187,77.64128245,,,,,,,,,,,
35,15:00-18:00,Snatching while on the move (Accused on bike) from back,13.0175755708,77.6309222893,,,,,,,,,,,
36,18:00-21:00,Snatching by walk & escaping with bike,12.9991355271,77.6126443162,,,,,,,,,,,
37,09:00-12:00,Attention diversion by indulging in small talk,12.96721415,77.63815928,,,,,,,,,,,
38,18:00-21:00,Snatching while on the move (Accused on bike) from back,13.0035750821,77.6611040844,,,,,,,,,,,
39,18:00-21:00,Snatching while on the move (Accused on bike) from back,13.02427262,77.66308642,,,,,,,,,,,
40,12:00-15:00,Snatching while on the move (Accused on bike) from back,13.01124959,77.64279234,,,,,,,,,,,
41,15:00-18:00,Snatching while on the move (Accused on bike) from back,12.99617,77.654389,,,,,,,,,,,
42,09:00-12:00,Came on walk by behind snatched the chain ,13.0374229978,77.6239126228,,,,,,,,,,,
43,12:00-15:00,Snatching while on the move (Accused on bike) from front,13.0134226587,77.6962173436,,,,,,,,,,,
44,18:00-21:00,Snatching while on the move (Accused on bike) from back,12.966045,77.635527,,,,,,,,,,,
45,18:00-21:00,Snatching while on the move (Accused on bike) from back,13.0367537499,77.6304190082,,,,,,,,,,,
46,06:00-09:00,Snatching while on the move (Accused on bike) from back,13.00401833,77.69542771,,,,,,,,,,,
47,12:00-15:00,By other techniques ,12.97418956,77.62922366,,,,,,,,,,,
48,06:00-09:00,Snatching while on the move (Accused on bike) from back,13.01931976,77.64689635,,,,,,,,,,,
49,18:00-21:00,Snatching while on the move (Accused on bike) from front,13.02198789,77.6971178,,,,,,,,,,,
50,18:00-21:00,Snatching while on the move (Accused on bike) from front,13.01147189,77.63001068,,,,,,,,,,,
51,12:00-15:00,Snatching while on the move (Accused on bike) from front,13.00755477,77.66192249,,,,,,,,,,,
52,18:00-21:00,Snatching while on the move (Accused on bike) from front,13.0243384271,77.7140456874,,,,,,,,,,,
53,09:00-12:00,Attention diversion by indulging in small talk,13.0148581016,77.6773980118,,,,,,,,,,,
54,15:00-18:00,Attention diversion by indulging in small talk,13.00857314,77.69531531,,,,,,,,,,,
55,06:00-09:00,Snatching while on the move (Accused on bike) from back,13.01139555,77.68830827,,,,,,,,,,,
56,15:00-18:00,Snatching while on the move (Accused on bike) from front,13.02198789,77.6971178,,,,,,,,,,,
57,12:00-15:00,Snatching by walk & escaping with bike,13.01565021,77.67767362,,,,,,,,,,,
58,18:00-21:00,Snatching by walk & escaping with bike,13.01554881,77.66901683,,,,,,,,,,,
59,18:00-21:00,Snatching by walk & escaping with bike,12.97099243,77.65423755,,,,,,,,,,,
60,18:00-21:00,Snatching while on the move (Accused on bike) from back,12.974251,77.634058,,,,,,,,,,,
61,06:00-09:00,Attention diversion by indulging in small talk,12.972528,77.645674,,,,,,,,,,,
62,18:00-21:00,Attention diversion by indulging in small talk,12.9888141002,77.6745566252,,,,,,,,,,,
63,18:00-21:00,Snatching by walk & escaping with bike,12.9607438,77.63969986,,,,,,,,,,,
64,12:00-15:00,Snatching while on the move (Accused on bike) from front,12.985738,77.616911,,,,,,,,,,,
65,18:00-21:00,Accused was on foot,13.0513803576,77.6045979397,,,,,,,,,,,
66,09:00-12:00,Snatching while on the move (Accused on bike) from front,13.06319966,77.489998,,,,,,,,,,,
67,06:00-09:00,Attention diversion by indulging in small talk,13.063816918,77.42148894,,,,,,,,,,,
68,06:00-09:00,Attention diversion by indulging in small talk,13.063816918,77.42148894,,,,,,,,,,,
69,18:00-21:00,Attention diversion by indulging in small talk,13.05369037,77.60952078,,,,,,,,,,,
70,09:00-12:00,Snatching while on the move (Accused on bike) from front,13.0551492861,77.5719712204,,,,,,,,,,,
71,09:00-12:00,Snatching by walk & escaping with bike,13.06077855,77.5764539,,,,,,,,,,,
72,06:00-09:00,Snatching while on the move (Accused on bike) from front,13.098539,77.595148,,,,,,,,,,,
73,09:00-12:00,Snatching by walk & escaping with bike,13.104245,77.598517,,,,,,,,,,,
74,09:00-12:00,The co-accused was waiting at a distance,13.104245,77.598517,,,,,,,,,,,
75,06:00-09:00,Snatching while on the move (Accused on bike) from front,13.109532,77.612293,,,,,,,,,,,
76,06:00-09:00,Snatching by walk & escaping with bike,13.0575495837,77.5891825883,,,,,,,,,,,
77,09:00-12:00,Snatching by walk & escaping with bike,13.0666416886,77.5731961576,,,,,,,,,,,
78,15:00-18:00,Snatching while on the move (Accused on bike) from back,13.0610217371,77.5795119468,,,,,,,,,,,
79,18:00-21:00,Snatching while on the move (Accused on bike) from back,13.0489919572,77.5765383667,,,,,,,,,,,
80,09:00-12:00,Snatching by walk & escaping with bike,13.0710000277,77.5712698341,,,,,,,,,,,
81,06:00-09:00,Snatching by walk & escaping with bike,13.05797933,77.60225068,,,,,,,,,,,
82,18:00-21:00,Snatching while on the move (Accused on bike) from back,13.0990206114,77.5643385474,,,,,,,,,,,
83,06:00-09:00,Snatching while on the move (Accused on bike) from front,13.084912,77.584827,,,,,,,,,,,
84,06:00-09:00,Snatching while on the move (Accused on bike) from back,13.06304083,77.58012147,,,,,,,,,,,
85,18:00-21:00,Accused was on foot,13.04722226,77.57448317,,,,,,,,,,,
86,18:00-21:00,Snatching while on the move (Accused on bike) from front,13.0665333,77.58413664,,,,,,,,,,,
87,06:00-09:00,Attention diversion by indulging in small talk,13.086261,77.583947,,,,,,,,,,,
88,18:00-21:00,Snatching while on the move (Accused on bike) from front,13.143053,77.62911,,,,,,,,,,,
89,09:00-12:00,Attention diversion by indulging in small talk,13.0624513561,77.5877971762,,,,,,,,,,,
90,18:00-21:00,Snatching while on the move (Accused on bike) from front,13.088434,77.581995,,,,,,,,,,,
91,18:00-21:00,Attention diversion by indulging in small talk,13.086261,77.583947,,,,,,,,,,,
92,03:00-06:00,Attention diversion by indulging in small talk,12.564998,77.34412,,,,,,,,,,,
93,03:00-06:00,Attention diversion by indulging in small talk,12.564998,77.34412,,,,,,,,,,,
94,03:00-06:00,Attention diversion by indulging in small talk,12.564998,77.34412,,,,,,,,,,,
95,15:00-18:00,Snatching while on the move (Accused on bike) from back,12.93967904,77.585165,,,,,,,,,,,
96,03:00-06:00,Snatching while on the move (Accused on bike) from front,12.93967904,77.58181537,,,,,,,,,,,
97,12:00-15:00,Snatching while on the move (Accused on bike) from back,12.552947,77.34262,,,,,,,,,,,
98,18:00-21:00,Snatching by walk & escaping with bike,12.95892005,77.55786914,,,,,,,,,,,
99,18:00-21:00,Snatching by walk & escaping with bike,12.95892005,77.55786914,,,,,,,,,,,
100,09:00-12:00,Attention diversion by indulging in small talk,12.9095199998,77.5872525998,,,,,,,,,,,
101,Female,2 Wheeler,No,No,,,,,,,,,,,
102,06:00-09:00,Snatching while on the move (Accused on bike) from back,12.9145644999,77.5794940001,,,,,,,,,,,
103,06:00-09:00,Snatching by walk & escaping with bike,12.9480298,77.6244614,,,,,,,,,,,
104,15:00-18:00,Snatching while on the move (Accused on bike) from front,12.913928,77.592433,,,,,,,,,,,
105,15:00-18:00,Snatching while on the move (Accused on bike) from back,12.932946,77.583869,,,,,,,,,,,
106,15:00-18:00,Snatching with assault,12.92986613,77.88877089,,,,,,,,,,,
107,21:00-00:00,Snatching while on the move (Accused on bike) from back,12.93504409,77.5564394,,,,,,,,,,,
108,21:00-00:00,Snatching while on the move (Accused on bike) from back,12.562723,77.333515,,,,,,,,,,,
109,15:00-18:00,Snatching while on the move (Accused on bike) from front,12.922359,77.58884,,,,,,,,,,,
110,12:00-15:00,Snatching while on the move (Accused on bike) from front,12.9090365995,77.5957663998,,,,,,,,,,,
111,12:00-15:00,Snatching while on the move (Accused on bike) from front,12.9020358001,77.5813453998,,,,,,,,,,,
112,15:00-18:00,Snatching while on the move (Accused on bike) from front,12.90985176,77.56540418,,,,,,,,,,,
113,06:00-09:00,Attention diversion by indulging in small talk,12.914869,77.567648,,,,,,,,,,,
114,09:00-12:00,Snatching while on the move (Accused on bike) from back,12.85922955,77.57886227,,,,,,,,,,,
115,21:00-00:00,Snatching while on the move (Accused on bike) from back,12.555791,77.335886,,,,,,,,,,,
116,15:00-18:00,Attention diversion by indulging in small talk,12.55467,77.331429,,,,,,,,,,,
117,15:00-18:00,Attention diversion by indulging in small talk,12.55467,77.331429,,,,,,,,,,,
118,15:00-18:00,Snatching by walk & escaping with bike,12.904814,77.58981,,,,,,,,,,,
119,06:00-09:00,Snatching by walk & escaping with bike,12.553144,77.352187,,,,,,,,,,,
120,03:00-06:00,Attention diversion by indulging in small talk,12.94817043,77.56307104,,,,,,,,,,,
121,06:00-09:00,Snatching while on the move (Accused on bike) from front,12.95332852,77.56171377,,,,,,,,,,,
122,15:00-18:00,Snatching while on the move (Accused on bike) from back,12.90287,77.569385,,,,,,,,,,,
123,15:00-18:00,Snatching while on the move (Accused on bike) from back,12.87547634,77.57041839,,,,,,,,,,,
124,15:00-18:00,Snatching while on the move (Accused on bike) from back,12.91732041,77.54714605,,,,,,,,,,,
125,15:00-18:00,Snatching while on the move (Accused on bike) from back,12.9020358001,77.5813453998,,,,,,,,,,,
126,15:00-18:00,Snatching while on the move (Accused on bike) from back,12.56889,77.333452,,,,,,,,,,,
127,18:00-21:00,Snatching by walk & escaping with bike,12.56404,77.343411,,,,,,,,,,,
128,12:00-15:00,Snatching while on the move (Accused on bike) from back,12.93089816,77.54744682,,,,,,,,,,,
129,15:00-18:00,Snatching by walk & escaping with bike,12.92004927,77.54502608,,,,,,,,,,,
130,18:00-21:00,Snatching while on the move (Accused on bike) from front,12.92806789,77.54939448,,,,,,,,,,,
131,15:00-18:00,Attention diversion by indulging in small talk,12.554148,77.321915,,,,,,,,,,,
132,15:00-18:00,Attention diversion by indulging in small talk,12.560791,77.321134,,,,,,,,,,,
133,15:00-18:00,Snatching while on the move (Accused on bike) from back,12.563243,77.325147,,,,,,,,,,,
134,15:00-18:00,Snatching by walk & escaping with bike,12.555045,77.322654,,,,,,,,,,,
135,15:00-18:00,Snatching while on the move (Accused on bike) from back,12.9038653999,77.5967175,,,,,,,,,,,
136,15:00-18:00,Snatching while on the move (Accused on bike) from front,12.9481704,77.56307101,,,,,,,,,,,
137,12:00-15:00,Snatching while on the move (Accused on bike) from back,12.8741077,77.5791729,,,,,,,,,,,
138,06:00-09:00,Snatching by walk & escaping with bike,12.56074,77.341352,,,,,,,,,,,
139,09:00-12:00,Snatching while on the move (Accused on bike) from front,12.90875,77.561636,,,,,,,,,,,
140,09:00-12:00,Snatching while on the move (Accused on bike) from front,12.93887775,77.582686,,,,,,,,,,,
141,09:00-12:00,Snatching while on the move (Accused on bike) from front,12.92859148,77.55852428,,,,,,,,,,,
142,09:00-12:00,Snatching while on the move (Accused on bike) from front,12.92859148,77.55852428,,,,,,,,,,,
143,15:00-18:00,Snatching while on the move (Accused on bike) from front,12.925513,77.5837291,,,,,,,,,,,
144,09:00-12:00,Snatching by walk & escaping with bike,12.935111,77.580769,,,,,,,,,,,
145,15:00-18:00,Snatching while on the move (Accused on bike) from back,12.87015516,77.57531063,,,,,,,,,,,
146,06:00-09:00,Snatching by walk & escaping with bike,12.561519,77.341563,,,,,,,,,,,
147,09:00-12:00,Snatching while on the move (Accused on bike) from back,12.554172,77.34824,,,,,,,,,,,
148,09:00-12:00,Snatching while on the move (Accused on bike) from back,12.554172,77.34824,,,,,,,,,,,
149,06:00-09:00,Snatching while on the move (Accused on bike) from back,12.561192,77.343135,,,,,,,,,,,
150,06:00-09:00,Snatching while on the move (Accused on bike) from back,12.561192,77.343135,,,,,,,,,,,
151,15:00-18:00,Snatching while on the move (Accused on bike) from back,12.9322811,77.56034863,,,,,,,,,,,
152,18:00-21:00,Snatching while on the move (Accused on bike) from back,12.555748,77.350379,,,,,,,,,,,
153,18:00-21:00,Snatching while on the move (Accused on bike) from front,12.88620138,77.58048334,,,,,,,,,,,
154,06:00-09:00,Attention diversion by indulging in small talk,12.90983384,77.55743531,,,,,,,,,,,
155,09:00-12:00,Snatching while on the move (Accused on bike) from back,12.917105,77.556541,,,,,,,,,,,
156,18:00-21:00,Snatching while on the move (Accused on bike) from back,12.563401,77.332266,,,,,,,,,,,
157,18:00-21:00,Snatching while on the move (Accused on bike) from back,12.937897,77.582686,,,,,,,,,,,
158,18:00-21:00,Snatching by walk & escaping with bike,12.93159332,77.54876183,,,,,,,,,,,
159,15:00-18:00,Snatching while on the move (Accused on bike) from front,12.88328789,77.58130555,,,,,,,,,,,
160,15:00-18:00,Snatching while on the move (Accused on bike) from back,12.562607,77.341076,,,,,,,,,,,
161,18:00-21:00,Snatching while on the move (Accused on bike) from front,12.9063314,77.59179,,,,,,,,,,,
162,15:00-18:00,Snatching while on the move (Accused on bike) from back,12.554497,77.342206,,,,,,,,,,,
163,15:00-18:00,Snatching while on the move (Accused on bike) from back,12.554497,77.342206,,,,,,,,,,,
164,12:00-15:00,Snatching by walk & escaping with bike,12.923937,77.589322,,,,,,,,,,,
165,18:00-21:00,Snatching while on the move (Accused on bike) from front,12.9308057,77.55821487,,,,,,,,,,,
166,09:00-12:00,Snatching with assault,12.90123583,77.55476619,,,,,,,,,,,
167,12:00-15:00,Snatching by walk & escaping with bike,12.9291409,77.5774467,,,,,,,,,,,
168,15:00-18:00,Snatching by walk & escaping with bike,12.9225454,77.5880374,,,,,,,,,,,
169,12:00-15:00,Snatching by walk & escaping with bike,12.9132374998,77.5946588,,,,,,,,,,,
170,15:00-18:00,Snatching while on the move (Accused on bike) from back,12.940313,77.58401,,,,,,,,,,,
171,18:00-21:00,Snatching while on the move (Accused on bike) from front,12.9354625,77.55761923,,,,,,,,,,,
172,15:00-18:00,Snatching while on the move (Accused on bike) from front,12.89403507,77.55525426,,,,,,,,,,,
173,12:00-15:00,Snatching by walk & escaping with bike,12.5692,77.341419,,,,,,,,,,,
174,15:00-18:00,Attention diversion by indulging in small talk,12.555737,77.341932,,,,,,,,,,,
175,18:00-21:00,Snatching while on the move (Accused on bike) from back,12.95237894,77.57986571,,,,,,,,,,,
176,15:00-18:00,Snatching while on the move (Accused on bike) from front,12.552595,77.33476,,,,,,,,,,,
177,15:00-18:00,Snatching while on the move (Accused on bike) from back,12.552782,77.34165,,,,,,,,,,,
178,15:00-18:00,Snatching by walk & escaping with bike,12.89797466,77.56271434,,,,,,,,,,,
179,15:00-18:00,Snatching while on the move (Accused on bike) from back,12.91141981,77.56207686,,,,,,,,,,,
180,18:00-21:00,Snatching by walk & escaping with bike,12.940147,77.540774,,,,,,,,,,,
181,18:00-21:00,Snatching by walk & escaping with bike,12.93231816,77.55891202,,,,,,,,,,,
182,09:00-12:00,Snatching while on the move (Accused on bike) from back,12.9109144002,77.5935649003,,,,,,,,,,,
183,09:00-12:00,Snatching while on the move (Accused on bike) from back,12.564512,77.341933,,,,,,,,,,,
184,18:00-21:00,Snatching while on the move (Accused on bike) from front,12.9313019,77.55502782,,,,,,,,,,,
185,30.12.2014,42,Bajaj Pulsar,BLACK,,,,,,,,,,,
186,18:00-21:00,Snatching by walk & escaping with bike,12.9486433,77.57586657,,,,,,,,,,,
187,12:00-15:00,Snatching while on the move (Accused on bike) from back,12.564633,77.334608,,,,,,,,,,,
188,15:00-18:00,Snatching while on the move (Accused on bike) from back,12.900089,77.561877,,,,,,,,,,,
189,06:00-09:00,Snatching while on the move (Accused on bike) from back,12.562499,77.342241,,,,,,,,,,,
190,18:00-21:00,Snatching by walk & escaping with bike,12.908905,77.554094,,,,,,,,,,,
191,18:00-21:00,Snatching by walk & escaping with bike,12.553663,77.341398,,,,,,,,,,,
192,09:00-12:00,Snatching while on the move (Accused on bike) from back,12.563409,77.331935,,,,,,,,,,,
193,12:00-15:00,Attention diversion by indulging in small talk,12.561547,77.3432,,,,,,,,,,,
194,15:00-18:00,Attention diversion by indulging in small talk,12.922926,77.581653,,,,,,,,,,,
195,15:00-18:00,Snatching while on the move (Accused on bike) from front,12.921652,77.579288,,,,,,,,,,,
196,06:00-09:00,Attention diversion by indulging in small talk,12.9594654,77.57113375,,,,,,,,,,,
197,18:00-21:00,Accused was on foot,12.555522,77.324131,,,,,,,,,,,
198,15:00-18:00,Snatching by walk & escaping with bike,12.920838,77.584811,,,,,,,,,,,
199,18:00-21:00,Snatching by walk & escaping with bike,12.918973,77.575984,,,,,,,,,,,
200,12:00-15:00,Attention diversion by indulging in small talk,12.9361468443,77.586643896,,,,,,,,,,,
201,03:00-06:00,Attention diversion by indulging in small talk,12.95154815,77.57555399,,,,,,,,,,,
202,15:00-18:00,Accused was on foot,12.562614,77.34891,,,,,,,,,,,
203,21:00-00:00,Snatching while on the move (Accused on bike) from back,12.9114503,77.5789637498,,,,,,,,,,,
204,03:00-06:00,Snatching by walk & escaping with bike,12.88287492,77.5704189,,,,,,,,,,,
205,06:00-09:00,Snatching while on the move (Accused on bike) from front,12.932486,77.589626,,,,,,,,,,,
206,12:00-15:00,Snatching while on the move (Accused on bike) from back,12.9063499983,77.5902022,,,,,,,,,,,
207,21:00-00:00,Snatching while on the move (Accused on bike) from front,12.555485,77.325253,,,,,,,,,,,
208,12:00-15:00,Snatching while on the move (Accused on bike) from front,12.5645,77.335842,,,,,,,,,,,
209,06:00-09:00,Snatching with assault,12.56582,77.334108,,,,,,,,,,,
210,12:00-15:00,Attention diversion by indulging in small talk,12.9047713,77.5930591001,,,,,,,,,,,
211,09:00-12:00,Attention diversion by indulging in small talk,12.56983,77.34938,,,,,,,,,,,
212,09:00-12:00,Attention diversion by indulging in small talk,12.9114965002,77.5827609999,,,,,,,,,,,
213,18:00-21:00,Snatching while on the move (Accused on bike) from back,12.971599,77.594563,,,,,,,,,,,
214,15:00-18:00,Snatching while on the move (Accused on bike) from back,12.86938358,77.58391056,,,,,,,,,,,
215,06:00-09:00,Snatching while on the move (Accused on bike) from back,12.555468,77.325223,,,,,,,,,,,
216,09:00-12:00,Snatching while on the move (Accused on bike) from back,12.87732329,77.56721483,,,,,,,,,,,
217,09:00-12:00,Snatching while on the move (Accused on bike) from front,12.89644747,77.56673681,,,,,,,,,,,
218,09:00-12:00,Snatching while on the move (Accused on bike) from back,12.89280005,77.55501449,,,,,,,,,,,
219,12:00-15:00,Snatching while on the move (Accused on bike) from front,12.9094512001,77.5872033001,,,,,,,,,,,
220,03:00-06:00,Snatching by walk & escaping with bike,12.938924,77.584671,,,,,,,,,,,
221,18:00-21:00,Snatching while on the move (Accused on bike) from back,12.92826252,77.5495424,,,,,,,,,,,
222,15:00-18:00,Snatching by walk & escaping with bike,12.553906,77.34024,,,,,,,,,,,
223,15:00-18:00,Snatching while on the move (Accused on bike) from back,12.89038894,77.57899331,,,,,,,,,,,
224,18:00-21:00,Snatching while on the move (Accused on bike) from back,12.91900624,77.5453977,,,,,,,,,,,
225,06:00-09:00,Snatching by walk & escaping with bike,12.551216,77.34101,,,,,,,,,,,
226,18:00-21:00,Snatching while on the move (Accused on bike) from back,13.00014682,77.56793108,,,,,,,,,,,
227,12:00-15:00,Snatching while on the move (Accused on bike) from back,13.00760463,77.56360069,,,,,,,,,,,
228,21:00-00:00,Snatching by walk & escaping with bike,12.99539042,77.5640166,,,,,,,,,,,
229,21:00-00:00,Snatching while on the move (Accused on bike) from front,12.99641627,77.56128808,,,,,,,,,,,
230,09:00-12:00,By other techniques ,12.98234951,77.56489726,,,,,,,,,,,
231,06:00-09:00,Attention diversion by indulging in small talk,12.98590944,77.552045,,,,,,,,,,,
232,06:00-09:00,Snatching while on the move (Accused on bike) from back,12.98590944,77.552045,,,,,,,,,,,
233,06:00-09:00,Snatching while on the move (Accused on bike) from back,12.9893231805,77.5546349749,,,,,,,,,,,
234,15:00-18:00,Snatching while on the move (Accused on bike) from back,12.9893231805,77.5546349749,,,,,,,,,,,
235,18:00-21:00,Snatching by walk & escaping with bike,12.9848771,77.54968513,,,,,,,,,,,
236,18:00-21:00,Snatching by walk & escaping with bike,12.98446341,77.55653928,,,,,,,,,,,
237,21:00-00:00,Snatching while on the move (Accused on bike) from back,12.98446341,77.55653928,,,,,,,,,,,
238,06:00-09:00,Snatching by walk & escaping with bike,12.9954938,77.55720325,,,,,,,,,,,
239,18:00-21:00,Snatching by walk & escaping with bike,12.9928817,77.5556478,,,,,,,,,,,
240,18:00-21:00,Snatching by walk & escaping with bike,12.9965531699,77.5528269187,,,,,,,,,,,
241,06:00-09:00,Snatching while on the move (Accused on bike) from front,12.990181321,77.5529282784,,,,,,,,,,,
242,18:00-21:00,Snatching while on the move (Accused on bike) from back,12.9896684,77.56084467,,,,,,,,,,,
243,09:00-12:00,Snatching by walk & escaping with bike,13.0076367201,77.5493009966,,,,,,,,,,,
244,09:00-12:00,Snatching by walk & escaping with bike,13.0076367201,77.5493009966,,,,,,,,,,,
245,06:00-09:00,Snatching by walk & escaping with bike,13.0062720326,77.5563439795,,,,,,,,,,,
246,06:00-09:00,Snatching while on the move (Accused on bike) from back,13.0055619338,77.5578227377,,,,,,,,,,,
247,06:00-09:00,Snatching by walk & escaping with bike,12.99710879,77.56470486,,,,,,,,,,,
248,15:00-18:00,Snatching while on the move (Accused on bike) from back,12.99710879,77.56470486,,,,,,,,,,,
249,18:00-21:00,Snatching while on the move (Accused on bike) from front,13.00480686,77.55277794,,,,,,,,,,,
250,12:00-15:00,Presence of more than 1 accused,13.00241905,77.54326303,,,,,,,,,,,
251,06:00-09:00,Snatching by walk & escaping with bike,12.99936138,77.54785053,,,,,,,,,,,
252,03:00-06:00,Accused was on foot,13.00376535,77.54023878,,,,,,,,,,,
253,18:00-21:00,Snatching by walk & escaping with bike,12.99871747,77.54326833,,,,,,,,,,,
254,18:00-21:00,Accused was on foot,13.02034629,77.51245119,,,,,,,,,,,
255,03:00-06:00,Snatching with threat of assault,13.01956935,77.50940044,,,,,,,,,,,
256,18:00-21:00,Presence of more than 1 accused,13.01488302,77.51642787,,,,,,,,,,,
257,Male,2 Wheeler,black,KA-10-H-8068,,,,,,,,,,,
258,12:00-15:00,Snatching by walk & escaping with bike,13.0059378,77.52845192,,,,,,,,,,,
259,03:00-06:00,By other techniques ,13.00076663,77.50670482,,,,,,,,,,,
260,15:00-18:00,Snatching by walk & escaping with bike,13.0113054681,77.5320734194,,,,,,,,,,,
261,18:00-21:00,Snatching by walk & escaping with bike,13.0121161645,77.5311245482,,,,,,,,,,,
262,06:00-09:00,Snatching by walk & escaping with bike,13.0115287357,77.5396494321,,,,,,,,,,,
263,03:00-06:00,Accused was on foot,13.0152351524,77.5422059015,,,,,,,,,,,
264,15:00-18:00,Accused came in 3 or 4 wheeler,13.0110542802,77.5326242613,,,,,,,,,,,
265,12:00-15:00,Snatching by walk & escaping with bike,13.01972727,77.55858031,,,,,,,,,,,
266,03:00-06:00,Snatching while on the move (Accused on bike) from back,13.0269499,77.53528814,,,,,,,,,,,
267,18:00-21:00,Accused was on foot,13.026832,77.5196811,,,,,,,,,,,
268,06:00-09:00,Snatching by walk & escaping with bike,13.04288562,77.48309061,,,,,,,,,,,
269,12:00-15:00,Accused was on foot,13.04468,77.5121533,,,,,,,,,,,
270,06:00-09:00,Snatching by walk & escaping with bike,13.033525,77.5060154,,,,,,,,,,,
271,09:00-12:00,Attention diversion by indulging in small talk,13.04378,77.5179891,,,,,,,,,,,
272,21:00-00:00,Snatching by walk & escaping with bike,13.045114,77.5229618,,,,,,,,,,,
273,15:00-18:00,Snatching while on the move (Accused on bike) from front,13.03829,77.4888584,,,,,,,,,,,
274,06:00-09:00,Snatching while on the move (Accused on bike) from back,13.048741,77.5057184,,,,,,,,,,,
275,12:00-15:00,Snatching by walk & escaping with bike,13.03191998,77.49837176,,,,,,,,,,,
276,12:00-15:00,Snatching by walk & escaping with bike,13.03191998,77.49837176,,,,,,,,,,,
277,18:00-21:00,Accused was on foot,13.06144537,77.49956575,,,,,,,,,,,
278,09:00-12:00,Snatching by walk & escaping with bike,13.03535282,77.5026818,,,,,,,,,,,
279,12:00-15:00,The co-accused was waiting at a distance,13.02735561,77.49719928,,,,,,,,,,,
280,09:00-12:00,Snatching by walk & escaping with bike,13.05780243,77.50418397,,,,,,,,,,,
281,09:00-12:00,Attention diversion by indulging in small talk,13.0367752,77.49875888,,,,,,,,,,,
282,06:00-09:00,Snatching while on the move (Accused on bike) from back,13.0663363,77.5117782,,,,,,,,,,,
283,06:00-09:00,Snatching while on the move (Accused on bike) from back,13.0663363,77.5117782,,,,,,,,,,,
284,06:00-09:00,Snatching while on the move (Accused on bike) from back,13.0663363,77.5117782,,,,,,,,,,,
285,06:00-09:00,Snatching while on the move (Accused on bike) from front,13.1044161,77.5171539,,,,,,,,,,,
286,09:00-12:00,Accused was on foot,13.050666,77.304818,,,,,,,,,,,
287,09:00-12:00,Accused was on foot,13.0747598,77.5055569,,,,,,,,,,,
288,15:00-18:00,Snatching by walk & escaping with bike,13.081215,77.507453,,,,,,,,,,,
289,06:00-09:00,Accused was on foot,13.06996271,77.54038473,,,,,,,,,,,
290,12:00-15:00,Snatching with assault,13.06189206,77.53465365,,,,,,,,,,,
291,06:00-09:00,By other techniques ,13.1414362076,77.5594041325,,,,,,,,,,,
292,06:00-09:00,By other techniques ,13.1414362076,77.5594041325,,,,,,,,,,,
293,09:00-12:00,Snatching while on the move (Accused on bike) from front,13.07213,77.55713,,,,,,,,,,,
294,09:00-12:00,Snatching while on the move (Accused on bike) from front,13.07213,77.55713,,,,,,,,,,,
295,09:00-12:00,Snatching while on the move (Accused on bike) from front,13.07213,77.55713,,,,,,,,,,,
296,09:00-12:00,Snatching while on the move (Accused on bike) from front,13.07213,77.55713,,,,,,,,,,,
297,09:00-12:00,Snatching while on the move (Accused on bike) from front,13.07213,77.55713,,,,,,,,,,,
298,09:00-12:00,Snatching while on the move (Accused on bike) from front,13.07213,77.55713,,,,,,,,,,,
299,09:00-12:00,Snatching while on the move (Accused on bike) from back,13.0727,77.5559,,,,,,,,,,,
300,12:00-15:00,Snatching while on the move (Accused on bike) from back,13.07542,77.56102,,,,,,,,,,,
301,06:00-09:00,Attention diversion by indulging in small talk,13.0785,77.5589,,,,,,,,,,,
302,06:00-09:00,Snatching while on the move (Accused on bike) from back,13.0780689824,77.5535577699,,,,,,,,,,,
303,06:00-09:00,Snatching while on the move (Accused on bike) from back,13.05916938,77.56041279,,,,,,,,,,,
304,21:00-00:00,Snatching by walk & escaping with bike,13.0940519275,77.5402750361,,,,,,,,,,,
305,18:00-21:00,Snatching while on the move (Accused on bike) from front,13.0803897998,77.5608672,,,,,,,,,,,
306,21:00-00:00,Snatching by walk & escaping with bike,13.0836890001,77.5487879998,,,,,,,,,,,
307,15:00-18:00,Snatching by walk & escaping with bike,13.0850983205,77.5612136675,,,,,,,,,,,
308,03:00-06:00,Snatching while on the move (Accused on bike) from back,13.0850983205,77.5612136675,,,,,,,,,,,
309,15:00-18:00,Snatching with assault,13.04355924,77.57179675,,,,,,,,,,,
310,15:00-18:00,Snatching with assault,13.04355924,77.57179675,,,,,,,,,,,
311,06:00-09:00,Snatching by walk & escaping with bike,13.0331226197,77.5752256682,,,,,,,,,,,
312,06:00-09:00,Attention diversion by indulging in small talk,13.04130971,77.57831908,,,,,,,,,,,
313,13.04130971,04.01.2015,55,2 wheeler,,,,,,,,,,,
314,15:00-18:00,Snatching while on the move (Accused on bike) from back,13.03868232,77.57411267,,,,,,,,,,,
315,06:00-09:00,Attention diversion by indulging in small talk,13.03216111,77.57289806,,,,,,,,,,,
316,03:00-06:00,Snatching while on the move (Accused on bike) from front,13.0310666812,77.5785656497,,,,,,,,,,,
317,03:00-06:00,Snatching while on the move (Accused on bike) from front,13.0310666812,77.5785656497,,,,,,,,,,,
318,03:00-06:00,Snatching while on the move (Accused on bike) from back,13.0310666812,77.5785656497,,,,,,,,,,,
319,06:00-09:00,Snatching by walk & escaping with bike,12.9973531043,77.5459026675,,,,,,,,,,,
320,15:00-18:00,Snatching while on the move (Accused on bike) from back,12.9968509226,77.5426461259,,,,,,,,,,,
321,06:00-09:00,Snatching while on the move (Accused on bike) from front,12.9961961303,77.5409905276,,,,,,,,,,,
322,15:00-18:00,Snatching by walk & escaping with bike,12.9944420148,77.5406383601,,,,,,,,,,,
323,06:00-09:00,Snatching while on the move (Accused on bike) from front,12.9943119005,77.52964654,,,,,,,,,,,
324,12:00-15:00,Snatching while on the move (Accused on bike) from back,12.9937195597,77.5110567027,,,,,,,,,,,
325,12:00-15:00,Snatching by walk & escaping with bike,12.9933073498,77.5299019486,,,,,,,,,,,
326,09:00-12:00,Snatching with assault,12.9929349755,77.5493245071,,,,,,,,,,,
327,06:00-09:00,Snatching by walk & escaping with bike,12.9924390851,77.5366437485,,,,,,,,,,,
328,09:00-12:00,Snatching while on the move (Accused on bike) from front,12.9899101311,77.5355693389,,,,,,,,,,,
329,09:00-12:00,Accused was on foot,12.9896897294,77.5052334217,,,,,,,,,,,
330,09:00-12:00,Snatching while on the move (Accused on bike) from back,12.9892218353,77.5338901717,,,,,,,,,,,
331,09:00-12:00,By other techniques ,12.9886228028,77.5376676407,,,,,,,,,,,
332,09:00-12:00,Snatching while on the move (Accused on bike) from back,12.9883331769,77.5375458201,,,,,,,,,,,
333,15:00-18:00,Attention diversion by indulging in small talk,12.9868989783,77.5478525684,,,,,,,,,,,
334,18:00-21:00,Snatching while on the move (Accused on bike) from back,12.9866451262,77.5459469038,,,,,,,,,,,
335,09:00-12:00,Snatching while on the move (Accused on bike) from back,12.9865129101,77.5341549828,,,,,,,,,,,
336,18:00-21:00,Snatching by walk & escaping with bike,12.9854957465,77.5133704818,,,,,,,,,,,
337,18:00-21:00,Snatching while on the move (Accused on bike) from front,12.9848068518,77.5334513804,,,,,,,,,,,
338,06:00-09:00,Snatching while on the move (Accused on bike) from front,12.9839351412,77.5350427921,,,,,,,,,,,
339,18:00-21:00,Snatching while on the move (Accused on bike) from front,12.9834567817,77.5354659408,,,,,,,,,,,
340,18:00-21:00,Snatching with threat of assault,12.9833703311,77.5181465126,,,,,,,,,,,
341,15:00-18:00,Snatching by walk & escaping with bike,12.9831351,77.55235128,,,,,,,,,,,
342,18:00-21:00,Snatching while on the move (Accused on bike) from back,12.982864956,77.5149526151,,,,,,,,,,,
343,06:00-09:00,Snatching by walk & escaping with bike,12.9828262796,77.5332176426,,,,,,,,,,,
344,09:00-12:00,Snatching by walk & escaping with bike,12.9819528821,77.5552820783,,,,,,,,,,,
345,18:00-21:00,By other techniques ,12.9811643916,77.5475474636,,,,,,,,,,,
346,09:00-12:00,Snatching while on the move (Accused on bike) from back,12.9810096319,77.5479550784,,,,,,,,,,,
347,12:00-15:00,Snatching while on the move (Accused on bike) from back,12.9807925343,77.5163557015,,,,,,,,,,,
348,18:00-21:00,Snatching while on the move (Accused on bike) from front,12.9806901156,77.5318398816,,,,,,,,,,,
349,18:00-21:00,Snatching while on the move (Accused on bike) from front,12.9801462076,77.5481301272,,,,,,,,,,,
350,18:00-21:00,Snatching by walk & escaping with bike,12.9791186171,77.5068566925,,,,,,,,,,,
351,09:00-12:00,Snatching by walk & escaping with bike,12.9790406829,77.5444114582,,,,,,,,,,,
352,12:00-15:00,Snatching while on the move (Accused on bike) from back,12.9788530863,77.5387649636,,,,,,,,,,,
353,12:00-15:00,Snatching while on the move (Accused on bike) from front,12.9787651515,77.5065775659,,,,,,,,,,,
354,12:00-15:00,Snatching by walk & escaping with Car,12.978683626,77.5391182965,,,,,,,,,,,
355,21:00-00:00,Snatching while on the move (Accused on bike) from front,12.9786073031,77.5486370824,,,,,,,,,,,
356,21:00-00:00,Snatching while on the move (Accused on bike) from front,12.978514163,77.5486661742,,,,,,,,,,,
357,09:00-12:00,Snatching by walk & escaping with bike,12.9783339237,77.5070697645,,,,,,,,,,,
358,06:00-09:00,Snatching by walk & escaping with bike,12.9778607625,77.5110123958,,,,,,,,,,,
359,06:00-09:00,Snatching while on the move (Accused on bike) from back,12.9776549966,77.535057344,,,,,,,,,,,
360,18:00-21:00,Accused was on foot,12.97753174,77.57091661,,,,,,,,,,,
361,18:00-21:00,Snatching by walk & escaping with bike,12.9774386162,77.51664977,,,,,,,,,,,
362,12:00-15:00,Snatching by walk & escaping with bike,12.9770418261,77.5087641597,,,,,,,,,,,
363,09:00-12:00,Snatching by walk & escaping with bike,12.9764759801,77.5319662271,,,,,,,,,,,
364,21:00-00:00,Snatching while on the move (Accused on bike) from back,12.9745172067,77.5095802923,,,,,,,,,,,
365,15:00-18:00,Snatching while on the move (Accused on bike) from back,12.9744509145,77.5299465936,,,,,,,,,,,
366,15:00-18:00,Snatching while on the move (Accused on bike) from back,12.9742734243,77.5343023828,,,,,,,,,,,
367,12:00-15:00,Accused was on foot,12.9740896611,77.5133891095,,,,,,,,,,,
368,12:00-15:00,Accused was on foot,12.9740896611,77.5133891095,,,,,,,,,,,
369,12:00-15:00,Accused was on foot,12.9740896611,77.5133891095,,,,,,,,,,,
370,15:00-18:00,Snatching by walk & escaping with bike,12.97387501,77.54748379,,,,,,,,,,,
371,12:00-15:00,Snatching while on the move (Accused on bike) from back,12.9728340055,77.5333495513,,,,,,,,,,,
372,06:00-09:00,Snatching while on the move (Accused on bike) from front,12.972202128,77.528073475,,,,,,,,,,,
373,12:00-15:00,Snatching with threat of assault,12.9719311878,77.4949247513,,,,,,,,,,,
374,18:00-21:00,Snatching by walk & escaping with bike,12.9716756371,77.4943869275,,,,,,,,,,,
375,09:00-12:00,Snatching while on the move (Accused on bike) from front,12.9716038119,77.5305821007,,,,,,,,,,,
376,12:00-15:00,Snatching with threat of assault,12.9705004282,77.510463847,,,,,,,,,,,
377,06:00-09:00,Snatching while on the move (Accused on bike) from front,12.9703066489,77.5447490215,,,,,,,,,,,
378,18:00-21:00,Snatching while on the move (Accused on bike) from back,12.9701599089,77.5671030986,,,,,,,,,,,
379,18:00-21:00,Snatching while on the move (Accused on bike) from back,12.9701599089,77.5671030986,,,,,,,,,,,
380,12:00-15:00,Accused was on foot,12.9695777137,77.5654630578,,,,,,,,,,,
381,12:00-15:00,Snatching by walk & escaping with bike,12.9694915689,77.5296172893,,,,,,,,,,,
382,09:00-12:00,Snatching by walk & escaping with bike,12.9688684099,77.5302022597,,,,,,,,,,,
383,06:00-09:00,Accused was on foot,12.9687232978,77.5773041598,,,,,,,,,,,
384,06:00-09:00,Snatching while on the move (Accused on bike) from back,12.9684844276,77.5190782596,,,,,,,,,,,
385,09:00-12:00,Snatching by walk & escaping with bike,12.9684191778,77.5069286093,,,,,,,,,,,
386,06:00-09:00,Snatching with assault,12.9679367461,77.5143273225,,,,,,,,,,,
387,18:00-21:00,Snatching by walk & escaping with bike,12.9677663876,77.505500738,,,,,,,,,,,
388,06:00-09:00,Snatching by walk & escaping with bike,12.9677408031,77.5032934771,,,,,,,,,,,
389,06:00-09:00,Snatching while on the move (Accused on bike) from back,12.9660105796,77.5040665623,,,,,,,,,,,
390,06:00-09:00,Snatching by walk & escaping with bike,12.9659395021,77.5174293517,,,,,,,,,,,
391,12:00-15:00,Snatching while on the move (Accused on bike) from back,12.9658357281,77.5029620515,,,,,,,,,,,
392,09:00-12:00,Snatching while on the move (Accused on bike) from back,12.9654736111,77.5402204602,,,,,,,,,,,
393,12:00-15:00,Snatching by walk & escaping with bike,12.9649161467,77.524642113,,,,,,,,,,,
394,12:00-15:00,Snatching by walk & escaping with bike,12.9649161467,77.524642113,,,,,,,,,,,
395,18:00-21:00,Snatching by walk & escaping with bike,12.964068093,77.5207507094,,,,,,,,,,,
396,18:00-21:00,Snatching by walk & escaping with bike,12.964068093,77.5207507094,,,,,,,,,,,
397,09:00-12:00,Snatching by walk & escaping with bike,12.9627760305,77.5253508668,,,,,,,,,,,
398,15:00-18:00,Snatching by walk & escaping with bike,12.9626683101,77.5383359372,,,,,,,,,,,
399,15:00-18:00,Snatching by walk & escaping with bike,12.9626683101,77.5383359372,,,,,,,,,,,
400,18:00-21:00,Snatching while on the move (Accused on bike) from back,12.961909968,77.5168781547,,,,,,,,,,,
401,18:00-21:00,Accused was on foot,12.960945403,77.576902847,,,,,,,,,,,
402,18:00-21:00,Snatching while on the move (Accused on bike) from back,12.9607802815,77.5185847363,,,,,,,,,,,
403,06:00-09:00,Snatching by walk & escaping with bike,12.9606903037,77.5098552925,,,,,,,,,,,
404,15:00-18:00,Snatching while on the move (Accused on bike) from back,12.9602223558,77.5116993315,,,,,,,,,,,
405,12:00-15:00,Snatching with threat of assault,12.9595061491,77.5249234262,,,,,,,,,,,
406,15:00-18:00,Snatching while on the move (Accused on bike) from back,12.9594193232,77.5130432348,,,,,,,,,,,
407,12:00-15:00,Snatching by walk & escaping with bike,12.9591826424,77.5135881343,,,,,,,,,,,
408,09:00-12:00,Snatching by walk & escaping with bike,12.9590893641,77.5143323959,,,,,,,,,,,
409,12:00-15:00,Snatching by walk & escaping with bike,12.9589756248,77.5086595507,,,,,,,,,,,
410,12:00-15:00,Snatching by walk & escaping with bike,12.9589756248,77.5086595507,,,,,,,,,,,
411,12:00-15:00,Snatching while on the move (Accused on bike) from back,12.9589756248,77.5086595507,,,,,,,,,,,
412,12:00-15:00,Snatching while on the move (Accused on bike) from back,12.9589756248,77.5086595507,,,,,,,,,,,
413,12:00-15:00,Snatching while on the move (Accused on bike) from back,12.9589756248,77.5086595507,,,,,,,,,,,
414,15:00-18:00,Snatching by walk & escaping with bike,12.9589319352,77.5102478199,,,,,,,,,,,
415,09:00-12:00,Accused was on foot,12.9584617077,77.4978049142,,,,,,,,,,,
416,12:00-15:00,Accused was on foot,12.9583,77.5838,,,,,,,,,,,
417,12:00-15:00,Snatching by walk & escaping with bike,12.9577260819,77.5160706447,,,,,,,,,,,
418,18:00-21:00,Snatching while on the move (Accused on bike) from back,12.9575576268,77.5355344402,,,,,,,,,,,
419,09:00-12:00,Snatching by walk & escaping with bike,12.9573585341,77.5199639676,,,,,,,,,,,
420,09:00-12:00,Snatching by walk & escaping with bike,12.9573585341,77.5199639676,,,,,,,,,,,
421,06:00-09:00,Snatching while on the move (Accused on bike) from back,12.9570684161,77.5203762532,,,,,,,,,,,
422,06:00-09:00,Snatching while on the move (Accused on bike) from back,12.9569579713,77.5370919083,,,,,,,,,,,
423,18:00-21:00,Snatching while on the move (Accused on bike) from front,12.95666017,77.52078616,,,,,,,,,,,
424,18:00-21:00,Snatching while on the move (Accused on bike) from front,12.95666017,77.52078616,,,,,,,,,,,
425,15:00-18:00,Snatching while on the move (Accused on bike) from front,12.9564863903,77.5346743085,,,,,,,,,,,
426,18:00-21:00,Accused was on foot,12.95605562,77.54593657,,,,,,,,,,,
427,15:00-18:00,Snatching by walk & escaping with bike,12.9552235669,77.5269759509,,,,,,,,,,,
428,09:00-12:00,Snatching by walk & escaping with bike,12.9546868765,77.5291475614,,,,,,,,,,,
429,12:00-15:00,Snatching by walk & escaping with bike,12.9546254661,77.4965372463,,,,,,,,,,,
430,06:00-09:00,Snatching by walk & escaping with bike,12.9545950983,77.4888839538,,,,,,,,,,,
431,09:00-12:00,Snatching while on the move (Accused on bike) from back,12.9510537145,77.493710278,,,,,,,,,,,
432,18:00-21:00,Snatching by walk & escaping with bike,12.9438090793,77.5264263352,,,,,,,,,,,
433,15:00-18:00,Snatching while on the move (Accused on bike) from back,12.9431029959,77.5436201127,,,,,,,,,,,
434,09:00-12:00,Snatching by walk & escaping with bike,12.9419847286,77.4917778266,,,,,,,,,,,
435,18:00-21:00,Snatching while on the move (Accused on bike) from back,12.9377157492,77.4993602457,,,,,,,,,,,
436,06:00-09:00,Snatching by walk & escaping with bike,12.9372445705,77.5289275156,,,,,,,,,,,
437,18:00-21:00,Snatching while on the move (Accused on bike) from back,12.9298166068,77.5114196803,,,,,,,,,,,
438,09:00-12:00,Snatching with assault,12.9280837006,77.4976672536,,,,,,,,,,,
439,06:00-09:00,Snatching while on the move (Accused on bike) from back,12.9274840225,77.5196216153,,,,,,,,,,,
440,18:00-21:00,Snatching while on the move (Accused on bike) from back,12.92505872,77.49385978,,,,,,,,,,,
441,06:00-09:00,Snatching by walk & escaping with bike,12.92505872,77.49385978,,,,,,,,,,,
442,18:00-21:00,Snatching with threat of assault,12.92505872,77.49385978,,,,,,,,,,,
443,09:00-12:00,Snatching while on the move (Accused on bike) from back,12.9238600454,77.4849299886,,,,,,,,,,,
444,09:00-12:00,Snatching by walk & escaping with bike,12.92383326,77.48493176,,,,,,,,,,,
445,18:00-21:00,Snatching while on the move (Accused on bike) from back,12.9228722798,77.5208286254,,,,,,,,,,,
446,06:00-09:00,Snatching while on the move (Accused on bike) from back,12.9227761661,77.5081084952,,,,,,,,,,,
447,09:00-12:00,Snatching while on the move (Accused on bike) from front,12.9213514452,77.4833956944,,,,,,,,,,,
448,18:00-21:00,Snatching while on the move (Accused on bike) from back,12.9207356496,77.4810141234,,,,,,,,,,,
449,09:00-12:00,Snatching while on the move (Accused on bike) from back,12.9189793464,77.509030427,,,,,,,,,,,
450,12:00-15:00,Snatching by walk & escaping with bike,12.9187663195,77.4806177839,,,,,,,,,,,
451,18:00-21:00,Snatching while on the move (Accused on bike) from front,12.9181470213,77.4799490965,,,,,,,,,,,
452,06:00-09:00,Snatching while on the move (Accused on bike) from back,12.914479008,77.4976356892,,,,,,,,,,,
453,09:00-12:00,Snatching while on the move (Accused on bike) from back,12.91297098,77.52222057,,,,,,,,,,,
454,18:00-21:00,Snatching by walk & escaping with bike,12.9125302894,77.4790991441,,,,,,,,,,,
455,09:00-12:00,Snatching while on the move (Accused on bike) from back,12.912047285,77.5183671542,,,,,,,,,,,
456,09:00-12:00,Snatching while on the move (Accused on bike) from back,12.341613,77.580603,,,,,,,,,,,
457,15:00-18:00,snatching while on the move (Accused on bike) from front,12.95894379,77.61473943,,,,,,,,,,,
458,12:00-15:00,snatching while on the move (Accused on bike) from front,12.9621764,77.59914279,,,,,,,,,,,
459,21:00-00:00,Accused was on foot,12.97440148,77.59059841,,,,,,,,,,,
460,18:00-21:00,snatching while on the move (Accused on bike) from back,12.97115501,77.58281002,,,,,,,,,,,
461,09:00-12:00,Attention diversion by indulging in small talk,13.0318120467,77.5685437763,,,,,,,,,,,
462,06:00-09:00,Attention diversion by indulging in small talk,13.0335177295,77.5673410698,,,,,,,,,,,
463,18:00-21:00,Attention diversion by indulging in small talk,13.0385695306,77.5645931802,,,,,,,,,,,
464,15:00-18:00,Accused was on foot,12.98987,77.57673,,,,,,,,,,,
465,15:00-18:00,Snatching while on the move (Accused on bike) from back,12.95759952,77.61493665,,,,,,,,,,,
466,12:00-15:00,Snatching while on the move (Accused on bike) from back,12.95564552,77.62108991,,,,,,,,,,,
467,18:00-21:00,Snatching while on the move (Accused on bike) from back,12.94923422,77.62536332,,,,,,,,,,,
468,12:00-15:00,Snatching while on the move (Accused on bike) from back,12.93124319,77.61515802,,,,,,,,,,,
469,15:00-18:00,Snatching while on the move (Accused on bike) from back,12.9429544,77.62707971,,,,,,,,,,,
470,18:00-21:00,Snatching while on the move (Accused on bike) from front,13.000324092,77.5771318922,,,,,,,,,,,
471,15:00-18:00,Snatching while on the move (Accused on bike) from front,12.9994044988,77.5747980929,,,,,,,,,,,
472,15:00-18:00,Snatching while on the move (Accused on bike) from back,13.0047909905,77.5720686369,,,,,,,,,,,
473,12:00-15:00,Snatching while on the move (Accused on bike) from front,12.9554162,77.59363611,,,,,,,,,,,
474,06:00-09:00,Snatching while on the move (Accused on bike) from back,"12.571274
",77.393286,,,,,,,,,,,
475,15:00-18:00,Attention diversion by indulging in small talk,12.524529,77.372003,,,,,,,,,,,
476,15:00-18:00,Attention diversion by indulging in small talk,12.52498,77.382638,,,,,,,,,,,
477,12:00-15:00,By other techniques ,12.51129,77.395052,,,,,,,,,,,
478,15:00-18:00,Attention diversion by indulging in small talk,12.581869,77.414277,,,,,,,,,,,
479,06:00-09:00,Attention diversion by indulging in small talk,12.582768,77.41638,,,,,,,,,,,
480,21:00-00:00,Snatching while on the move (Accused on bike) from back,12.562757,77.414761,,,,,,,,,,,
481,09:00-12:00,Snatching while on the move (Accused on bike) from front,12.582473,77.4156,,,,,,,,,,,
482,18:00-21:00,Attention diversion by indulging in small talk,12.565464,77.422066,,,,,,,,,,,
483,18:00-21:00,Snatching while on the move (Accused on bike) from back,12.927041,77.669356,,,,,,,,,,,
484,06:00-09:00,Snatching while on the move (Accused on bike) from back,12.899331,77.646995,,,,,,,,,,,
485,06:00-09:00,Snatching while on the move (Accused on bike) from back,12.904218,77.662161,,,,,,,,,,,
486,06:00-09:00,Snatching while on the move (Accused on bike) from back,12.9054,77.649383,,,,,,,,,,,
487,09:00-12:00,Snatching while on the move (Accused on bike) from back,12.917349,77.650065,,,,,,,,,,,
488,12:00-15:00,Snatching while on the move (Accused on bike) from back,12.918978,77.65363,,,,,,,,,,,
489,06:00-09:00,Snatching while on the move (Accused on bike) from back,12.918086,77.652498,,,,,,,,,,,
490,18:00-21:00,Snatching while on the move (Accused on bike) from back,12.909913,77.64845,,,,,,,,,,,
491,18:00-21:00,Snatching while on the move (Accused on bike) from back,12.909913,77.64845,,,,,,,,,,,
492,15:00-18:00,Snatching while on the move (Accused on bike) from back,12.913351,77.646111,,,,,,,,,,,
493,15:00-18:00,Snatching while on the move (Accused on bike) from back,12.904735,77.649697,,,,,,,,,,,
494,12:00-15:00,Snatching while on the move (Accused on bike) from back,12.91027,77.653071,,,,,,,,,,,
495,12:00-15:00,Snatching while on the move (Accused on bike) from back,12.91027,77.653071,,,,,,,,,,,
496,12:00-15:00,Snatching while on the move (Accused on bike) from back,12.91027,77.653071,,,,,,,,,,,
497,12:00-15:00,Snatching while on the move (Accused on bike) from back,12.54596,77.385878,,,,,,,,,,,
498,21:00-00:00,Snatching while on the move (Accused on bike) from back,12.917534,77.650457,,,,,,,,,,,
499,18:00-21:00,Snatching while on the move (Accused on bike) from back,12.908056,77.649275,,,,,,,,,,,
500,18:00-21:00,Snatching while on the move (Accused on bike) from back,12.913594,77.626883,,,,,,,,,,,
501,06:00-09:00,Snatching while on the move (Accused on bike) from back,12.907279,77.695167,,,,,,,,,,,
502,18:00-21:00,Snatching by walk & escaping with bike,12.915836,77.643446,,,,,,,,,,,
503,09:00-12:00,Snatching while on the move (Accused on bike) from back,12.531864,77.350848,,,,,,,,,,,
504,15:00-18:00,Snatching while on the move (Accused on bike) from back,12.512567,77.34482,,,,,,,,,,,
505,15:00-18:00,Snatching while on the move (Accused on bike) from front,12.53086,77.350114,,,,,,,,,,,
506,15:00-18:00,Snatching while on the move (Accused on bike) from front,12.530111,77.350619,,,,,,,,,,,
507,12:00-15:00,Snatching while on the move (Accused on bike) from front,12.530267,77.352583,,,,,,,,,,,
508,15:00-18:00,Snatching while on the move (Accused on bike) from front,12.504803,77.353933,,,,,,,,,,,
509,09:00-12:00,Snatching by walk & escaping with bike,12.531864,77.350848,,,,,,,,,,,
510,15:00-18:00,Snatching by walk & escaping with bike,12.512567,77.34482,,,,,,,,,,,
511,15:00-18:00,Snatching while on the move (Accused on bike) from back,12.53086,77.350114,,,,,,,,,,,
512,15:00-18:00,Snatching by walk & escaping with bike,12.530111,77.350619,,,,,,,,,,,
513,12:00-15:00,Snatching by walk & escaping with bike,12.530267,77.352583,,,,,,,,,,,
514,16.04.2015,32,No,No,,,,,,,,,,,
515,12:00-15:00,Snatching while on the move (Accused on bike) from back,13.011006,77.452641,,,,,,,,,,,
516,21:00-00:00,Snatching while on the move (Accused on bike) from back,13.027844,77.7699844,,,,,,,,,,,
517,15:00-18:00,Snatching while on the move (Accused on bike) from back,13.0042709615,77.7569529996,,,,,,,,,,,
518,06:00-09:00,By other techniques ,12.581713,77.382431,,,,,,,,,,,
519,06:00-09:00,Snatching while on the move (Accused on bike) from back,12.55317,77.375785,,,,,,,,,,,
520,15:00-18:00,By other techniques ,12.563297,77.365316,,,,,,,,,,,
521,06:00-09:00,Snatching while on the move (Accused on bike) from back,12.552355,77.38639,,,,,,,,,,,
522,15:00-18:00,Snatching while on the move (Accused on bike) from back,12.555412,77.374051,,,,,,,,,,,
523,21:00-00:00,Snatching while on the move (Accused on bike) from back,12.563021,77.372383,,,,,,,,,,,
524,18:00-21:00,Snatching while on the move (Accused on bike) from back,12.56212,77.374016,,,,,,,,,,,
525,15:00-18:00,Snatching while on the move (Accused on bike) from back,12.561623,77.37151,,,,,,,,,,,
526,21:00-00:00,Snatching while on the move (Accused on bike) from back,12.555937,77.374066,,,,,,,,,,,
527,09:00-12:00,Snatching while on the move (Accused on bike) from front,12.562929,77.37412,,,,,,,,,,,
528,15:00-18:00,Snatching while on the move (Accused on bike) from front,12.552358,77.3827,,,,,,,,,,,
529,06:00-09:00,Snatching while on the move (Accused on bike) from front,12.56746,77.373493,,,,,,,,,,,
530,03:00-06:00,Snatching while on the move (Accused on bike) from front,12.553727,77.381811,,,,,,,,,,,
531,06:00-09:00,Snatching while on the move (Accused on bike) from back,12.91171527,77.61472134,,,,,,,,,,,
532,09:00-12:00,Snatching while on the move (Accused on bike) from back,12.91136384,77.63078204,,,,,,,,,,,
533,06:00-09:00,By other techniques ,12.9194196015,77.6328251788,,,,,,,,,,,
534,06:00-09:00,Snatching while on the move (Accused on bike) from back,12.9114218411,77.625865369,,,,,,,,,,,
535,06:00-09:00,Accused was on foot,12.8958143894,77.6344940632,,,,,,,,,,,
536,18:00-21:00,Accused was on foot,12.9100422587,77.6147098841,,,,,,,,,,,
537,18:00-21:00,Attention diversion by indulging in small talk,12.8962444722,77.6366199115,,,,,,,,,,,
538,18:00-21:00,Snatching while on the move (Accused on bike) from back,12.9079453618,77.6356393101,,,,,,,,,,,
539,15:00-18:00,Snatching while on the move (Accused on bike) from back,12.9163311,77.63382466,,,,,,,,,,,
540,12:00-15:00,Snatching while on the move (Accused on bike) from back,12.9182942008,77.6337606863,,,,,,,,,,,
541,00:00-03:00,Snatching while on the move (Accused on bike) from back,12.909404086,77.6305538728,,,,,,,,,,,
542,18:00-21:00,Snatching by walk & escaping with bike,12.9189296837,77.6201668861,,,,,,,,,,,
543,12:00-15:00,Snatching while on the move (Accused on bike) from back,12.8935683597,77.6336267875,,,,,,,,,,,
544,18:00-21:00,Snatching while on the move (Accused on bike) from back,12.9198814677,77.635301222,,,,,,,,,,,
545,12:00-15:00,Snatching by walk & escaping with bike,12.9174207807,77.6298479829,,,,,,,,,,,
546,06:00-09:00,Snatching while on the move (Accused on bike) from front,12.9112874966,77.6352277157,,,,,,,,,,,
547,18:00-21:00,Snatching while on the move (Accused on bike) from front,12.9146706005,77.6198452962,,,,,,,,,,,
548,06:00-09:00,Snatching by walk & escaping with bike,12.922037335,77.6346754959,,,,,,,,,,,
549,15:00-18:00,Snatching while on the move (Accused on bike) from front,12.9232918115,77.6381320592,,,,,,,,,,,
550,12:00-15:00,Snatching by walk & escaping with bike,12.9086259113,77.6359515534,,,,,,,,,,,
551,06:00-09:00,Snatching while on the move (Accused on bike) from front,12.9142821818,77.6313225915,,,,,,,,,,,
552,12:00-15:00,Snatching by walk & escaping with bike,12.9180141924,77.6301153461,,,,,,,,,,,
553,06:00-09:00,Snatching while on the move (Accused on bike) from back,12.906535268,77.622848576,,,,,,,,,,,
554,06:00-09:00,Snatching by walk & escaping with bike,12.9304792198,77.6145678196,,,,,,,,,,,
555,12:00-15:00,Snatching while on the move (Accused on bike) from back,12.8984257324,77.6209832247,,,,,,,,,,,
556,06:00-09:00,Snatching while on the move (Accused on bike) from back,12.9260914913,77.6166725405,,,,,,,,,,,
557,06:00-09:00,Snatching while on the move (Accused on bike) from back,12.9159029087,77.6010764895,,,,,,,,,,,
558,12:00-15:00,Snatching while on the move (Accused on bike) from back,12.9129903983,77.6044222081,-,-,,,,,,,,,
559,15:00-18:00,Snatching by walk & escaping with bike,12.915961438,77.6105668283,-,-,,,,,,,,,
560,12:00-15:00,Snatching while on the move (Accused on bike) from front,12.9144995146,77.6045048859,,,,,,,,,,,
561,15:00-18:00,Snatching while on the move (Accused on bike) from back,12.9150487559,77.6080594594,,,,,,,,,,,
562,12:00-15:00,Snatching while on the move (Accused on bike) from back,12.9105372355,77.6091888936,,,,,,,,,,,
563,15:00-18:00,Snatching while on the move (Accused on bike) from back,12.91851465,77.6078508672,,,,,,,,,,,
564,15:00-18:00,Snatching while on the move (Accused on bike) from back,12.8960836948,77.6084706128,,, ,,,,,,,,
565,15:00-18:00,Snatching while on the move (Accused on bike) from back,12.9150486577,77.6080595277,,,,,,,,,,,
566,12:00-15:00,Snatching while on the move (Accused on bike) from back,12.9150487559,77.6080594594,,,,,,,,,,,
567,12:00-15:00,Snatching while on the move (Accused on bike) from back,12.545,"
77.365",,,,,,,,,,,
568,18:00-21:00,Snatching while on the move (Accused on bike) from back,12.532392,77.362963,,,,,,,,,,,
569,21:00-00:00,Snatching while on the move (Accused on bike) from back,12.544933,77.362694,-,,,,,,,,,,
570,18:00-21:00,Snatching while on the move (Accused on bike) from back,12.555423,77.362437,,,,,,,,,,,
571,18:00-21:00,Snatching while on the move (Accused on bike) from back,12.545095,77.364791,,,,,,,,,,,
572,18:00-21:00,Snatching while on the move (Accused on bike) from back,12.544641,77.363202,,,,,,,,,,,
573,15:00-18:00,Snatching while on the move (Accused on bike) from back,12.8551523006,77.6674257415,,,,,,,,,,,
574,15:00-18:00,Snatching while on the move (Accused on bike) from back,12.8741974,77.6695938585,,,,,,,,,,,
575,15:00-18:00,Snatching while on the move (Accused on bike) from front,12.8882529,77.64889421,,,,,,,,,,,
576,06:00-09:00,Attention diversion by indulging in small talk,12.5399312,77.39237024,,,,,,,,,,,
577,18:00-21:00,Snatching while on the move (Accused on bike) from back,12.555813,77.351415,,,,,,,,,,,
578,12:00-15:00,Snatching while on the move (Accused on bike) from front,12.55054,77.353679,,,,,,,,,,,
579,18:00-21:00,Snatching while on the move (Accused on bike) from back,12.555994,77.351777,,,,,,,,,,,
580,18:00-21:00,Snatching while on the move (Accused on bike) from back,12.555274,77.352751,,,,,,,,,,,
581,15:00-18:00,Snatching while on the move (Accused on bike) from front,12.55657,77.355282,,,,,,,,,,,
582,15:00-18:00,Snatching while on the move (Accused on bike) from front,12.553711,77.354089,,,,,,,,,,,
583,15:00-18:00,Snatching while on the move (Accused on bike) from back,12.55872,77.355165,,,,,,,,,,,
584,06:00-09:00,Snatching while on the move (Accused on bike) from back,12.553371,77.354513,,,,,,,,,,,
585,03:00-06:00,Snatching while on the move (Accused on bike) from back,12.56122,77.351471,,,,,,,,,,,
586,06:00-09:00,Snatching while on the move (Accused on bike) from back,12.551612,77.34288,,,,,,,,,,,
587,18:00-21:00,Accused was on foot,12.95551886,77.72710156,,,,,,,,,,,
588,18:00-21:00,Accused was on foot,12.95551886,77.72710156,,,,,,,,,,,
589,18:00-21:00,Accused was on foot,12.955735,77.720489,,,,,,,,,,,
590,18:00-21:00,Snatching while on the move (Accused on bike) from front,12.98815,77.731797,,,,,,,,,,,
